Ten-Year Age Groups,Ten-Year Age Groups Code,Gender,Gender Code,Race,Race Code,Year,Year Code,Deaths,Population,Crude Rate,
< 1 year,1,Female,F,American Indian or Alaska Native,1002-5,2015,2015,1,38745,Unreliable,
< 1 year,1,Female,F,Black or African American,2054-5,2010,2010,3,330352,Unreliable,
< 1 year,1,Female,F,Black or African American,2054-5,2011,2011,1,335326,Unreliable,
< 1 year,1,Female,F,Black or African American,2054-5,2012,2012,3,330701,Unreliable,
< 1 year,1,Female,F,Black or African American,2054-5,2013,2013,3,330884,Unreliable,
< 1 year,1,Female,F,Black or African American,2054-5,2014,2014,2,332113,Unreliable,
< 1 year,1,Female,F,Black or African American,2054-5,2015,2015,1,335670,Unreliable,
< 1 year,1,Female,F,Black or African American,2054-5,2016,2016,4,333403,Unreliable,
< 1 year,1,Female,F,White,2106-3,2010,2010,2,1451334,Unreliable,
< 1 year,1,Female,F,White,2106-3,2011,2011,3,1463677,Unreliable,
< 1 year,1,Female,F,White,2106-3,2012,2012,7,1444435,Unreliable,
< 1 year,1,Female,F,White,2106-3,2013,2013,2,1439910,Unreliable,
< 1 year,1,Female,F,White,2106-3,2014,2014,2,1439284,Unreliable,
< 1 year,1,Female,F,White,2106-3,2015,2015,6,1450087,Unreliable,
< 1 year,1,Female,F,White,2106-3,2016,2016,5,1445970,Unreliable,
< 1 year,1,Male,M,American Indian or Alaska Native,1002-5,2011,2011,1,40902,Unreliable,
< 1 year,1,Male,M,American Indian or Alaska Native,1002-5,2013,2013,1,39928,Unreliable,
< 1 year,1,Male,M,Black or African American,2054-5,2010,2010,2,341156,Unreliable,
< 1 year,1,Male,M,Black or African American,2054-5,2011,2011,4,352800,Unreliable,
< 1 year,1,Male,M,Black or African American,2054-5,2012,2012,3,346206,Unreliable,
< 1 year,1,Male,M,Black or African American,2054-5,2013,2013,1,346221,Unreliable,
< 1 year,1,Male,M,Black or African American,2054-5,2014,2014,3,346533,Unreliable,
< 1 year,1,Male,M,Black or African American,2054-5,2015,2015,2,350636,Unreliable,
< 1 year,1,Male,M,Black or African American,2054-5,2016,2016,2,347670,Unreliable,
< 1 year,1,Male,M,White,2106-3,2010,2010,7,1518287,Unreliable,
< 1 year,1,Male,M,White,2106-3,2011,2011,4,1530971,Unreliable,
< 1 year,1,Male,M,White,2106-3,2012,2012,6,1512538,Unreliable,
< 1 year,1,Male,M,White,2106-3,2013,2013,3,1509270,Unreliable,
< 1 year,1,Male,M,White,2106-3,2014,2014,2,1504963,Unreliable,
< 1 year,1,Male,M,White,2106-3,2015,2015,6,1519716,Unreliable,
< 1 year,1,Male,M,White,2106-3,2016,2016,4,1515289,Unreliable,
1-4 years,4-Jan,Female,F,Black or African American,2054-5,2010,2010,3,1343498,Unreliable,
1-4 years,4-Jan,Female,F,Black or African American,2054-5,2011,2011,4,1349131,Unreliable,
1-4 years,4-Jan,Female,F,Black or African American,2054-5,2012,2012,3,1344076,Unreliable,
1-4 years,4-Jan,Female,F,Black or African American,2054-5,2013,2013,5,1332784,Unreliable,
1-4 years,4-Jan,Female,F,Black or African American,2054-5,2014,2014,9,1333368,Unreliable,
1-4 years,4-Jan,Female,F,Black or African American,2054-5,2015,2015,5,1335601,Unreliable,
1-4 years,4-Jan,Female,F,Black or African American,2054-5,2016,2016,10,1340430,Unreliable,
1-4 years,4-Jan,Female,F,White,2106-3,2010,2010,7,5993217,Unreliable,
1-4 years,4-Jan,Female,F,White,2106-3,2011,2011,8,5940359,Unreliable,
1-4 years,4-Jan,Female,F,White,2106-3,2012,2012,6,5884695,Unreliable,
1-4 years,4-Jan,Female,F,White,2106-3,2013,2013,7,5825929,Unreliable,
1-4 years,4-Jan,Female,F,White,2106-3,2014,2014,8,5816178,Unreliable,
1-4 years,4-Jan,Female,F,White,2106-3,2015,2015,18,5807007,Unreliable,
1-4 years,4-Jan,Female,F,White,2106-3,2016,2016,6,5805359,Unreliable,
1-4 years,4-Jan,Male,M,American Indian or Alaska Native,1002-5,2011,2011,2,159753,Unreliable,
1-4 years,4-Jan,Male,M,American Indian or Alaska Native,1002-5,2012,2012,1,157823,Unreliable,
1-4 years,4-Jan,Male,M,American Indian or Alaska Native,1002-5,2013,2013,1,156649,Unreliable,
1-4 years,4-Jan,Male,M,American Indian or Alaska Native,1002-5,2014,2014,1,156092,Unreliable,
1-4 years,4-Jan,Male,M,American Indian or Alaska Native,1002-5,2015,2015,2,156220,Unreliable,
1-4 years,4-Jan,Male,M,Asian or Pacific Islander,A-PI,2010,2010,1,475550,Unreliable,
1-4 years,4-Jan,Male,M,Asian or Pacific Islander,A-PI,2011,2011,1,481989,Unreliable,
1-4 years,4-Jan,Male,M,Asian or Pacific Islander,A-PI,2015,2015,1,516944,Unreliable,
1-4 years,4-Jan,Male,M,Black or African American,2054-5,2010,2010,6,1388288,Unreliable,
1-4 years,4-Jan,Male,M,Black or African American,2054-5,2011,2011,9,1395989,Unreliable,
1-4 years,4-Jan,Male,M,Black or African American,2054-5,2012,2012,9,1390625,Unreliable,
1-4 years,4-Jan,Male,M,Black or African American,2054-5,2013,2013,5,1381149,Unreliable,
1-4 years,4-Jan,Male,M,Black or African American,2054-5,2014,2014,10,1382804,Unreliable,
1-4 years,4-Jan,Male,M,Black or African American,2054-5,2015,2015,9,1384327,Unreliable,
1-4 years,4-Jan,Male,M,Black or African American,2054-5,2016,2016,15,1387887,Unreliable,
1-4 years,4-Jan,Male,M,White,2106-3,2010,2010,10,6280845,Unreliable,
1-4 years,4-Jan,Male,M,White,2106-3,2011,2011,8,6218059,Unreliable,
1-4 years,4-Jan,Male,M,White,2106-3,2012,2012,8,6158812,Unreliable,
1-4 years,4-Jan,Male,M,White,2106-3,2013,2013,13,6100815,Unreliable,
1-4 years,4-Jan,Male,M,White,2106-3,2014,2014,7,6089274,Unreliable,
1-4 years,4-Jan,Male,M,White,2106-3,2015,2015,9,6084976,Unreliable,
1-4 years,4-Jan,Male,M,White,2106-3,2016,2016,8,6083970,Unreliable,
5-14 years,14-May,Female,F,American Indian or Alaska Native,1002-5,2010,2010,1,370285,Unreliable,
5-14 years,14-May,Female,F,American Indian or Alaska Native,1002-5,2011,2011,1,372760,Unreliable,
5-14 years,14-May,Female,F,Asian or Pacific Islander,A-PI,2015,2015,1,1258728,Unreliable,
5-14 years,14-May,Female,F,Asian or Pacific Islander,A-PI,2016,2016,1,1267905,Unreliable,
5-14 years,14-May,Female,F,Black or African American,2054-5,2010,2010,1,3291504,Unreliable,
5-14 years,14-May,Female,F,Black or African American,2054-5,2011,2011,4,3295869,Unreliable,
5-14 years,14-May,Female,F,Black or African American,2054-5,2012,2012,1,3314489,Unreliable,
5-14 years,14-May,Female,F,Black or African American,2054-5,2013,2013,2,3332655,Unreliable,
5-14 years,14-May,Female,F,Black or African American,2054-5,2014,2014,3,3348813,Unreliable,
5-14 years,14-May,Female,F,Black or African American,2054-5,2015,2015,1,3349846,Unreliable,
5-14 years,14-May,Female,F,Black or African American,2054-5,2016,2016,5,3353568,Unreliable,
5-14 years,14-May,Female,F,White,2106-3,2010,2010,8,15270073,Unreliable,
5-14 years,14-May,Female,F,White,2106-3,2011,2011,5,15252837,Unreliable,
5-14 years,14-May,Female,F,White,2106-3,2012,2012,4,15254004,Unreliable,
5-14 years,14-May,Female,F,White,2106-3,2013,2013,9,15247166,Unreliable,
5-14 years,14-May,Female,F,White,2106-3,2014,2014,10,15203493,Unreliable,
5-14 years,14-May,Female,F,White,2106-3,2015,2015,13,15141397,Unreliable,
5-14 years,14-May,Female,F,White,2106-3,2016,2016,16,15097862,Unreliable,
5-14 years,14-May,Male,M,American Indian or Alaska Native,1002-5,2010,2010,1,380515,Unreliable,
5-14 years,14-May,Male,M,American Indian or Alaska Native,1002-5,2014,2014,1,389353,Unreliable,
5-14 years,14-May,Male,M,Asian or Pacific Islander,A-PI,2011,2011,1,1162055,Unreliable,
5-14 years,14-May,Male,M,Asian or Pacific Islander,A-PI,2015,2015,1,1287949,Unreliable,
5-14 years,14-May,Male,M,Black or African American,2054-5,2010,2010,5,3408093,Unreliable,
5-14 years,14-May,Male,M,Black or African American,2054-5,2011,2011,2,3411381,Unreliable,
5-14 years,14-May,Male,M,Black or African American,2054-5,2012,2012,1,3432490,Unreliable,
5-14 years,14-May,Male,M,Black or African American,2054-5,2013,2013,3,3446668,Unreliable,
5-14 years,14-May,Male,M,Black or African American,2054-5,2014,2014,1,3458188,Unreliable,
5-14 years,14-May,Male,M,Black or African American,2054-5,2015,2015,3,3456533,Unreliable,
5-14 years,14-May,Male,M,Black or African American,2054-5,2016,2016,4,3460828,Unreliable,
5-14 years,14-May,Male,M,White,2106-3,2010,2010,27,16043384,0.2,
5-14 years,14-May,Male,M,White,2106-3,2011,2011,15,16014957,Unreliable,
5-14 years,14-May,Male,M,White,2106-3,2012,2012,17,16012849,Unreliable,
5-14 years,14-May,Male,M,White,2106-3,2013,2013,7,16000223,Unreliable,
5-14 years,14-May,Male,M,White,2106-3,2014,2014,8,15924984,Unreliable,
5-14 years,14-May,Male,M,White,2106-3,2015,2015,10,15845618,Unreliable,
5-14 years,14-May,Male,M,White,2106-3,2016,2016,8,15797000,Unreliable,
15-24 years,15-24,Female,F,American Indian or Alaska Native,1002-5,2010,2010,11,364366,Unreliable,
15-24 years,15-24,Female,F,American Indian or Alaska Native,1002-5,2011,2011,10,368172,Unreliable,
15-24 years,15-24,Female,F,American Indian or Alaska Native,1002-5,2012,2012,11,371232,Unreliable,
15-24 years,15-24,Female,F,American Indian or Alaska Native,1002-5,2013,2013,4,373703,Unreliable,
15-24 years,15-24,Female,F,American Indian or Alaska Native,1002-5,2014,2014,11,375735,Unreliable,
15-24 years,15-24,Female,F,American Indian or Alaska Native,1002-5,2015,2015,9,375603,Unreliable,
15-24 years,15-24,Female,F,American Indian or Alaska Native,1002-5,2016,2016,15,374352,Unreliable,
15-24 years,15-24,Female,F,Asian or Pacific Islander,A-PI,2010,2010,7,1222670,Unreliable,
15-24 years,15-24,Female,F,Asian or Pacific Islander,A-PI,2011,2011,2,1226063,Unreliable,
15-24 years,15-24,Female,F,Asian or Pacific Islander,A-PI,2012,2012,4,1262212,Unreliable,
15-24 years,15-24,Female,F,Asian or Pacific Islander,A-PI,2013,2013,3,1279114,Unreliable,
15-24 years,15-24,Female,F,Asian or Pacific Islander,A-PI,2014,2014,6,1321669,Unreliable,
15-24 years,15-24,Female,F,Asian or Pacific Islander,A-PI,2015,2015,12,1356700,Unreliable,
15-24 years,15-24,Female,F,Asian or Pacific Islander,A-PI,2016,2016,15,1370410,Unreliable,
15-24 years,15-24,Female,F,Black or African American,2054-5,2010,2010,35,3568436,1,
15-24 years,15-24,Female,F,Black or African American,2054-5,2011,2011,33,3597789,0.9,
15-24 years,15-24,Female,F,Black or African American,2054-5,2012,2012,32,3622104,0.9,
15-24 years,15-24,Female,F,Black or African American,2054-5,2013,2013,40,3630281,1.1,
15-24 years,15-24,Female,F,Black or African American,2054-5,2014,2014,44,3629819,1.2,
15-24 years,15-24,Female,F,Black or African American,2054-5,2015,2015,55,3607130,1.5,
15-24 years,15-24,Female,F,Black or African American,2054-5,2016,2016,95,3560736,2.7,
15-24 years,15-24,Female,F,White,2106-3,2010,2010,567,16153028,3.5,
15-24 years,15-24,Female,F,White,2106-3,2011,2011,601,16174205,3.7,
15-24 years,15-24,Female,F,White,2106-3,2012,2012,542,16176040,3.4,
15-24 years,15-24,Female,F,White,2106-3,2013,2013,610,16146149,3.8,
15-24 years,15-24,Female,F,White,2106-3,2014,2014,666,16129148,4.1,
15-24 years,15-24,Female,F,White,2106-3,2015,2015,813,16043062,5.1,
15-24 years,15-24,Female,F,White,2106-3,2016,2016,936,15912618,5.9,
15-24 years,15-24,Male,M,American Indian or Alaska Native,1002-5,2010,2010,21,391846,5.4,
15-24 years,15-24,Male,M,American Indian or Alaska Native,1002-5,2011,2011,29,394567,7.3,
15-24 years,15-24,Male,M,American Indian or Alaska Native,1002-5,2012,2012,24,395673,6.1,
15-24 years,15-24,Male,M,American Indian or Alaska Native,1002-5,2013,2013,25,395848,6.3,
15-24 years,15-24,Male,M,American Indian or Alaska Native,1002-5,2014,2014,25,395097,6.3,
15-24 years,15-24,Male,M,American Indian or Alaska Native,1002-5,2015,2015,20,393497,5.1,
15-24 years,15-24,Male,M,American Indian or Alaska Native,1002-5,2016,2016,24,389861,6.2,
15-24 years,15-24,Male,M,Asian or Pacific Islander,A-PI,2010,2010,16,1266142,Unreliable,
15-24 years,15-24,Male,M,Asian or Pacific Islander,A-PI,2011,2011,26,1268715,2,
15-24 years,15-24,Male,M,Asian or Pacific Islander,A-PI,2012,2012,22,1300843,1.7,
15-24 years,15-24,Male,M,Asian or Pacific Islander,A-PI,2013,2013,21,1316120,1.6,
15-24 years,15-24,Male,M,Asian or Pacific Islander,A-PI,2014,2014,26,1359347,1.9,
15-24 years,15-24,Male,M,Asian or Pacific Islander,A-PI,2015,2015,27,1394033,1.9,
15-24 years,15-24,Male,M,Asian or Pacific Islander,A-PI,2016,2016,57,1408047,4,
15-24 years,15-24,Male,M,Black or African American,2054-5,2010,2010,70,3591165,1.9,
15-24 years,15-24,Male,M,Black or African American,2054-5,2011,2011,68,3651661,1.9,
15-24 years,15-24,Male,M,Black or African American,2054-5,2012,2012,77,3697796,2.1,
15-24 years,15-24,Male,M,Black or African American,2054-5,2013,2013,87,3720395,2.3,
15-24 years,15-24,Male,M,Black or African American,2054-5,2014,2014,98,3734920,2.6,
15-24 years,15-24,Male,M,Black or African American,2054-5,2015,2015,128,3726552,3.4,
15-24 years,15-24,Male,M,Black or African American,2054-5,2016,2016,208,3688506,5.6,
15-24 years,15-24,Male,M,White,2106-3,2010,2010,1714,17068689,10,
15-24 years,15-24,Male,M,White,2106-3,2011,2011,1831,17116703,10.7,
15-24 years,15-24,Male,M,White,2106-3,2012,2012,1671,17118005,9.8,
15-24 years,15-24,Male,M,White,2106-3,2013,2013,1733,17092792,10.1,
15-24 years,15-24,Male,M,White,2106-3,2014,2014,1873,17034086,11,
15-24 years,15-24,Male,M,White,2106-3,2015,2015,2083,16951639,12.3,
15-24 years,15-24,Male,M,White,2106-3,2016,2016,2734,16806497,16.3,
25-34 years,25-34,Female,F,American Indian or Alaska Native,1002-5,2010,2010,26,315523,8.2,
25-34 years,25-34,Female,F,American Indian or Alaska Native,1002-5,2011,2011,25,321417,7.8,
25-34 years,25-34,Female,F,American Indian or Alaska Native,1002-5,2012,2012,38,324867,11.7,
25-34 years,25-34,Female,F,American Indian or Alaska Native,1002-5,2013,2013,30,329279,9.1,
25-34 years,25-34,Female,F,American Indian or Alaska Native,1002-5,2014,2014,30,335295,8.9,
25-34 years,25-34,Female,F,American Indian or Alaska Native,1002-5,2015,2015,28,339972,8.2,
25-34 years,25-34,Female,F,American Indian or Alaska Native,1002-5,2016,2016,47,346167,13.6,
25-34 years,25-34,Female,F,Asian or Pacific Islander,A-PI,2010,2010,5,1498312,Unreliable,
25-34 years,25-34,Female,F,Asian or Pacific Islander,A-PI,2011,2011,14,1523778,Unreliable,
25-34 years,25-34,Female,F,Asian or Pacific Islander,A-PI,2012,2012,12,1582007,Unreliable,
25-34 years,25-34,Female,F,Asian or Pacific Islander,A-PI,2013,2013,15,1628431,Unreliable,
25-34 years,25-34,Female,F,Asian or Pacific Islander,A-PI,2014,2014,15,1701770,Unreliable,
25-34 years,25-34,Female,F,Asian or Pacific Islander,A-PI,2015,2015,23,1771495,1.3,
25-34 years,25-34,Female,F,Asian or Pacific Islander,A-PI,2016,2016,30,1798927,1.7,
25-34 years,25-34,Female,F,Black or African American,2054-5,2010,2010,89,3066086,2.9,
25-34 years,25-34,Female,F,Black or African American,2054-5,2011,2011,106,3122987,3.4,
25-34 years,25-34,Female,F,Black or African American,2054-5,2012,2012,110,3170806,3.5,
25-34 years,25-34,Female,F,Black or African American,2054-5,2013,2013,114,3224131,3.5,
25-34 years,25-34,Female,F,Black or African American,2054-5,2014,2014,123,3304914,3.7,
25-34 years,25-34,Female,F,Black or African American,2054-5,2015,2015,142,3382985,4.2,
25-34 years,25-34,Female,F,Black or African American,2054-5,2016,2016,271,3466922,7.8,
25-34 years,25-34,Female,F,White,2106-3,2010,2010,1257,15551936,8.1,
25-34 years,25-34,Female,F,White,2106-3,2011,2011,1418,15778153,9,
25-34 years,25-34,Female,F,White,2106-3,2012,2012,1501,15892849,9.4,
25-34 years,25-34,Female,F,White,2106-3,2013,2013,1518,16021255,9.5,
25-34 years,25-34,Female,F,White,2106-3,2014,2014,1772,16204311,10.9,
25-34 years,25-34,Female,F,White,2106-3,2015,2015,2148,16343612,13.1,
25-34 years,25-34,Female,F,White,2106-3,2016,2016,2869,16465489,17.4,
25-34 years,25-34,Male,M,American Indian or Alaska Native,1002-5,2010,2010,35,336151,10.4,
25-34 years,25-34,Male,M,American Indian or Alaska Native,1002-5,2011,2011,43,344608,12.5,
25-34 years,25-34,Male,M,American Indian or Alaska Native,1002-5,2012,2012,42,349693,12,
25-34 years,25-34,Male,M,American Indian or Alaska Native,1002-5,2013,2013,37,356169,10.4,
25-34 years,25-34,Male,M,American Indian or Alaska Native,1002-5,2014,2014,65,361841,18,
25-34 years,25-34,Male,M,American Indian or Alaska Native,1002-5,2015,2015,64,367330,17.4,
25-34 years,25-34,Male,M,American Indian or Alaska Native,1002-5,2016,2016,79,374596,21.1,
25-34 years,25-34,Male,M,Asian or Pacific Islander,A-PI,2010,2010,21,1356088,1.5,
25-34 years,25-34,Male,M,Asian or Pacific Islander,A-PI,2011,2011,40,1390197,2.9,
25-34 years,25-34,Male,M,Asian or Pacific Islander,A-PI,2012,2012,37,1450883,2.6,
25-34 years,25-34,Male,M,Asian or Pacific Islander,A-PI,2013,2013,49,1503033,3.3,
25-34 years,25-34,Male,M,Asian or Pacific Islander,A-PI,2014,2014,59,1579504,3.7,
25-34 years,25-34,Male,M,Asian or Pacific Islander,A-PI,2015,2015,75,1655396,4.5,
25-34 years,25-34,Male,M,Asian or Pacific Islander,A-PI,2016,2016,96,1700132,5.6,
25-34 years,25-34,Male,M,Black or African American,2054-5,2010,2010,134,2801017,4.8,
25-34 years,25-34,Male,M,Black or African American,2054-5,2011,2011,152,2876283,5.3,
25-34 years,25-34,Male,M,Black or African American,2054-5,2012,2012,192,2944482,6.5,
25-34 years,25-34,Male,M,Black or African American,2054-5,2013,2013,220,3018776,7.3,
25-34 years,25-34,Male,M,Black or African American,2054-5,2014,2014,271,3122333,8.7,
25-34 years,25-34,Male,M,Black or African American,2054-5,2015,2015,351,3224785,10.9,
25-34 years,25-34,Male,M,Black or African American,2054-5,2016,2016,594,3338882,17.8,
25-34 years,25-34,Male,M,White,2106-3,2010,2010,3238,16138835,20.1,
25-34 years,25-34,Male,M,White,2106-3,2011,2011,3633,16433075,22.1,
25-34 years,25-34,Male,M,White,2106-3,2012,2012,3610,16593734,21.8,
25-34 years,25-34,Male,M,White,2106-3,2013,2013,4048,16763513,24.1,
25-34 years,25-34,Male,M,White,2106-3,2014,2014,4836,16906536,28.6,
25-34 years,25-34,Male,M,White,2106-3,2015,2015,5888,17051627,34.5,
25-34 years,25-34,Male,M,White,2106-3,2016,2016,7791,17186128,45.3,
35-44 years,35-44,Female,F,American Indian or Alaska Native,1002-5,2010,2010,28,282307,9.9,
35-44 years,35-44,Female,F,American Indian or Alaska Native,1002-5,2011,2011,36,283174,12.7,
35-44 years,35-44,Female,F,American Indian or Alaska Native,1002-5,2012,2012,30,285449,10.5,
35-44 years,35-44,Female,F,American Indian or Alaska Native,1002-5,2013,2013,32,287786,11.1,
35-44 years,35-44,Female,F,American Indian or Alaska Native,1002-5,2014,2014,32,291074,11,
35-44 years,35-44,Female,F,American Indian or Alaska Native,1002-5,2015,2015,35,294511,11.9,
35-44 years,35-44,Female,F,American Indian or Alaska Native,1002-5,2016,2016,43,297098,14.5,
35-44 years,35-44,Female,F,Asian or Pacific Islander,A-PI,2010,2010,9,1449931,Unreliable,
35-44 years,35-44,Female,F,Asian or Pacific Islander,A-PI,2011,2011,13,1490607,Unreliable,
35-44 years,35-44,Female,F,Asian or Pacific Islander,A-PI,2012,2012,11,1543068,Unreliable,
35-44 years,35-44,Female,F,Asian or Pacific Islander,A-PI,2013,2013,4,1580422,Unreliable,
35-44 years,35-44,Female,F,Asian or Pacific Islander,A-PI,2014,2014,14,1634483,Unreliable,
35-44 years,35-44,Female,F,Asian or Pacific Islander,A-PI,2015,2015,9,1683702,Unreliable,
35-44 years,35-44,Female,F,Asian or Pacific Islander,A-PI,2016,2016,20,1697830,1.2,
35-44 years,35-44,Female,F,Black or African American,2054-5,2010,2010,128,2961585,4.3,
35-44 years,35-44,Female,F,Black or African American,2054-5,2011,2011,132,2934906,4.5,
35-44 years,35-44,Female,F,Black or African American,2054-5,2012,2012,147,2941200,5,
35-44 years,35-44,Female,F,Black or African American,2054-5,2013,2013,136,2950264,4.6,
35-44 years,35-44,Female,F,Black or African American,2054-5,2014,2014,188,2984282,6.3,
35-44 years,35-44,Female,F,Black or African American,2054-5,2015,2015,210,3013072,7,
35-44 years,35-44,Female,F,Black or African American,2054-5,2016,2016,297,3017848,9.8,
35-44 years,35-44,Female,F,White,2106-3,2010,2010,1630,15940784,10.2,
35-44 years,35-44,Female,F,White,2106-3,2011,2011,1790,15695797,11.4,
35-44 years,35-44,Female,F,White,2106-3,2012,2012,1669,15573096,10.7,
35-44 years,35-44,Female,F,White,2106-3,2013,2013,1866,15488957,12,
35-44 years,35-44,Female,F,White,2106-3,2014,2014,2123,15444065,13.7,
35-44 years,35-44,Female,F,White,2106-3,2015,2015,2345,15394921,15.2,
35-44 years,35-44,Female,F,White,2106-3,2016,2016,2762,15304617,18,
35-44 years,35-44,Male,M,American Indian or Alaska Native,1002-5,2010,2010,34,290118,11.7,
35-44 years,35-44,Male,M,American Indian or Alaska Native,1002-5,2011,2011,41,292515,14,
35-44 years,35-44,Male,M,American Indian or Alaska Native,1002-5,2012,2012,37,295651,12.5,
35-44 years,35-44,Male,M,American Indian or Alaska Native,1002-5,2013,2013,37,298691,12.4,
35-44 years,35-44,Male,M,American Indian or Alaska Native,1002-5,2014,2014,59,302170,19.5,
35-44 years,35-44,Male,M,American Indian or Alaska Native,1002-5,2015,2015,53,306732,17.3,
35-44 years,35-44,Male,M,American Indian or Alaska Native,1002-5,2016,2016,53,309569,17.1,
35-44 years,35-44,Male,M,Asian or Pacific Islander,A-PI,2010,2010,20,1298595,1.5,
35-44 years,35-44,Male,M,Asian or Pacific Islander,A-PI,2011,2011,25,1333988,1.9,
35-44 years,35-44,Male,M,Asian or Pacific Islander,A-PI,2012,2012,27,1376255,2,
35-44 years,35-44,Male,M,Asian or Pacific Islander,A-PI,2013,2013,31,1405065,2.2,
35-44 years,35-44,Male,M,Asian or Pacific Islander,A-PI,2014,2014,27,1449054,1.9,
35-44 years,35-44,Male,M,Asian or Pacific Islander,A-PI,2015,2015,35,1490424,2.3,
35-44 years,35-44,Male,M,Asian or Pacific Islander,A-PI,2016,2016,49,1504147,3.3,
35-44 years,35-44,Male,M,Black or African American,2054-5,2010,2010,147,2639054,5.6,
35-44 years,35-44,Male,M,Black or African American,2054-5,2011,2011,202,2612286,7.7,
35-44 years,35-44,Male,M,Black or African American,2054-5,2012,2012,205,2619646,7.8,
35-44 years,35-44,Male,M,Black or African American,2054-5,2013,2013,256,2628985,9.7,
35-44 years,35-44,Male,M,Black or African American,2054-5,2014,2014,315,2661111,11.8,
35-44 years,35-44,Male,M,Black or African American,2054-5,2015,2015,397,2690744,14.8,
35-44 years,35-44,Male,M,Black or African American,2054-5,2016,2016,573,2702577,21.2,
35-44 years,35-44,Male,M,White,2106-3,2010,2010,2939,16208232,18.1,
35-44 years,35-44,Male,M,White,2106-3,2011,2011,2995,15984681,18.7,
35-44 years,35-44,Male,M,White,2106-3,2012,2012,3148,15882055,19.8,
35-44 years,35-44,Male,M,White,2106-3,2013,2013,3205,15812520,20.3,
35-44 years,35-44,Male,M,White,2106-3,2014,2014,3770,15746894,23.9,
35-44 years,35-44,Male,M,White,2106-3,2015,2015,4571,15715677,29.1,
35-44 years,35-44,Male,M,White,2106-3,2016,2016,6150,15636470,39.3,
45-54 years,45-54,Female,F,American Indian or Alaska Native,1002-5,2010,2010,40,273464,14.6,
45-54 years,45-54,Female,F,American Indian or Alaska Native,1002-5,2011,2011,33,276312,11.9,
45-54 years,45-54,Female,F,American Indian or Alaska Native,1002-5,2012,2012,47,276700,17,
45-54 years,45-54,Female,F,American Indian or Alaska Native,1002-5,2013,2013,42,276505,15.2,
45-54 years,45-54,Female,F,American Indian or Alaska Native,1002-5,2014,2014,35,277173,12.6,
45-54 years,45-54,Female,F,American Indian or Alaska Native,1002-5,2015,2015,49,277510,17.7,
45-54 years,45-54,Female,F,American Indian or Alaska Native,1002-5,2016,2016,37,277646,13.3,
45-54 years,45-54,Female,F,Asian or Pacific Islander,A-PI,2010,2010,14,1223444,Unreliable,
45-54 years,45-54,Female,F,Asian or Pacific Islander,A-PI,2011,2011,11,1247324,Unreliable,
45-54 years,45-54,Female,F,Asian or Pacific Islander,A-PI,2012,2012,14,1275996,Unreliable,
45-54 years,45-54,Female,F,Asian or Pacific Islander,A-PI,2013,2013,15,1309454,Unreliable,
45-54 years,45-54,Female,F,Asian or Pacific Islander,A-PI,2014,2014,18,1366299,Unreliable,
45-54 years,45-54,Female,F,Asian or Pacific Islander,A-PI,2015,2015,8,1416779,Unreliable,
45-54 years,45-54,Female,F,Asian or Pacific Islander,A-PI,2016,2016,12,1446459,Unreliable,
45-54 years,45-54,Female,F,Black or African American,2054-5,2010,2010,211,3056411,6.9,
45-54 years,45-54,Female,F,Black or African American,2054-5,2011,2011,200,3066612,6.5,
45-54 years,45-54,Female,F,Black or African American,2054-5,2012,2012,237,3055924,7.8,
45-54 years,45-54,Female,F,Black or African American,2054-5,2013,2013,240,3043355,7.9,
45-54 years,45-54,Female,F,Black or African American,2054-5,2014,2014,261,3028774,8.6,
45-54 years,45-54,Female,F,Black or African American,2054-5,2015,2015,288,3021717,9.5,
45-54 years,45-54,Female,F,Black or African American,2054-5,2016,2016,388,3018481,12.9,
45-54 years,45-54,Female,F,White,2106-3,2010,2010,2383,18311038,13,
45-54 years,45-54,Female,F,White,2106-3,2011,2011,2526,18108708,13.9,
45-54 years,45-54,Female,F,White,2106-3,2012,2012,2502,17853248,14,
45-54 years,45-54,Female,F,White,2106-3,2013,2013,2539,17569134,14.5,
45-54 years,45-54,Female,F,White,2106-3,2014,2014,2686,17361561,15.5,
45-54 years,45-54,Female,F,White,2106-3,2015,2015,2825,17173379,16.4,
45-54 years,45-54,Female,F,White,2106-3,2016,2016,3097,16937954,18.3,
45-54 years,45-54,Male,M,American Indian or Alaska Native,1002-5,2010,2010,34,264283,12.9,
45-54 years,45-54,Male,M,American Indian or Alaska Native,1002-5,2011,2011,36,269072,13.4,
45-54 years,45-54,Male,M,American Indian or Alaska Native,1002-5,2012,2012,42,269981,15.6,
45-54 years,45-54,Male,M,American Indian or Alaska Native,1002-5,2013,2013,45,271530,16.6,
45-54 years,45-54,Male,M,American Indian or Alaska Native,1002-5,2014,2014,40,274161,14.6,
45-54 years,45-54,Male,M,American Indian or Alaska Native,1002-5,2015,2015,43,275803,15.6,
45-54 years,45-54,Male,M,American Indian or Alaska Native,1002-5,2016,2016,49,277098,17.7,
45-54 years,45-54,Male,M,Asian or Pacific Islander,A-PI,2010,2010,16,1074756,Unreliable,
45-54 years,45-54,Male,M,Asian or Pacific Islander,A-PI,2011,2011,15,1101754,Unreliable,
45-54 years,45-54,Male,M,Asian or Pacific Islander,A-PI,2012,2012,14,1128254,Unreliable,
45-54 years,45-54,Male,M,Asian or Pacific Islander,A-PI,2013,2013,18,1157519,Unreliable,
45-54 years,45-54,Male,M,Asian or Pacific Islander,A-PI,2014,2014,17,1204948,Unreliable,
45-54 years,45-54,Male,M,Asian or Pacific Islander,A-PI,2015,2015,18,1248191,Unreliable,
45-54 years,45-54,Male,M,Asian or Pacific Islander,A-PI,2016,2016,27,1272640,2.1,
45-54 years,45-54,Male,M,Black or African American,2054-5,2010,2010,282,2707520,10.4,
45-54 years,45-54,Male,M,Black or African American,2054-5,2011,2011,292,2717303,10.7,
45-54 years,45-54,Male,M,Black or African American,2054-5,2012,2012,326,2707346,12,
45-54 years,45-54,Male,M,Black or African American,2054-5,2013,2013,331,2693002,12.3,
45-54 years,45-54,Male,M,Black or African American,2054-5,2014,2014,431,2680947,16.1,
45-54 years,45-54,Male,M,Black or African American,2054-5,2015,2015,487,2673905,18.2,
45-54 years,45-54,Male,M,Black or African American,2054-5,2016,2016,842,2666665,31.6,
45-54 years,45-54,Male,M,White,2106-3,2010,2010,3276,18095800,18.1,
45-54 years,45-54,Male,M,White,2106-3,2011,2011,3442,17931118,19.2,
45-54 years,45-54,Male,M,White,2106-3,2012,2012,3403,17701289,19.2,
45-54 years,45-54,Male,M,White,2106-3,2013,2013,3531,17447033,20.2,
45-54 years,45-54,Male,M,White,2106-3,2014,2014,3786,17264988,21.9,
45-54 years,45-54,Male,M,White,2106-3,2015,2015,4140,17100877,24.2,
45-54 years,45-54,Male,M,White,2106-3,2016,2016,4958,16889736,29.4,
55-64 years,55-64,Female,F,American Indian or Alaska Native,1002-5,2010,2010,12,178582,Unreliable,
55-64 years,55-64,Female,F,American Indian or Alaska Native,1002-5,2011,2011,15,192307,Unreliable,
55-64 years,55-64,Female,F,American Indian or Alaska Native,1002-5,2012,2012,19,200285,Unreliable,
55-64 years,55-64,Female,F,American Indian or Alaska Native,1002-5,2013,2013,27,208893,12.9,
55-64 years,55-64,Female,F,American Indian or Alaska Native,1002-5,2014,2014,17,217910,Unreliable,
55-64 years,55-64,Female,F,American Indian or Alaska Native,1002-5,2015,2015,22,226940,9.7,
55-64 years,55-64,Female,F,American Indian or Alaska Native,1002-5,2016,2016,26,235033,11.1,
55-64 years,55-64,Female,F,Asian or Pacific Islander,A-PI,2010,2010,10,919792,Unreliable,
55-64 years,55-64,Female,F,Asian or Pacific Islander,A-PI,2011,2011,5,979140,Unreliable,
55-64 years,55-64,Female,F,Asian or Pacific Islander,A-PI,2012,2012,10,1023275,Unreliable,
55-64 years,55-64,Female,F,Asian or Pacific Islander,A-PI,2013,2013,6,1064048,Unreliable,
55-64 years,55-64,Female,F,Asian or Pacific Islander,A-PI,2014,2014,10,1111024,Unreliable,
55-64 years,55-64,Female,F,Asian or Pacific Islander,A-PI,2015,2015,5,1155370,Unreliable,
55-64 years,55-64,Female,F,Asian or Pacific Islander,A-PI,2016,2016,17,1178042,Unreliable,
55-64 years,55-64,Female,F,Black or African American,2054-5,2010,2010,96,2196805,4.4,
55-64 years,55-64,Female,F,Black or African American,2054-5,2011,2011,126,2331287,5.4,
55-64 years,55-64,Female,F,Black or African American,2054-5,2012,2012,126,2419636,5.2,
55-64 years,55-64,Female,F,Black or African American,2054-5,2013,2013,166,2498661,6.6,
55-64 years,55-64,Female,F,Black or African American,2054-5,2014,2014,200,2577838,7.8,
55-64 years,55-64,Female,F,Black or African American,2054-5,2015,2015,219,2654398,8.3,
55-64 years,55-64,Female,F,Black or African American,2054-5,2016,2016,315,2712845,11.6,
55-64 years,55-64,Female,F,White,2106-3,2010,2010,1126,15586402,7.2,
55-64 years,55-64,Female,F,White,2106-3,2011,2011,1185,16201201,7.3,
55-64 years,55-64,Female,F,White,2106-3,2012,2012,1272,16340112,7.8,
55-64 years,55-64,Female,F,White,2106-3,2013,2013,1512,16588074,9.1,
55-64 years,55-64,Female,F,White,2106-3,2014,2014,1728,16848927,10.3,
55-64 years,55-64,Female,F,White,2106-3,2015,2015,1936,17126364,11.3,
55-64 years,55-64,Female,F,White,2106-3,2016,2016,2211,17338186,12.8,
55-64 years,55-64,Male,M,American Indian or Alaska Native,1002-5,2010,2010,16,167158,Unreliable,
55-64 years,55-64,Male,M,American Indian or Alaska Native,1002-5,2011,2011,16,179489,Unreliable,
55-64 years,55-64,Male,M,American Indian or Alaska Native,1002-5,2012,2012,19,185911,Unreliable,
55-64 years,55-64,Male,M,American Indian or Alaska Native,1002-5,2013,2013,18,193548,Unreliable,
55-64 years,55-64,Male,M,American Indian or Alaska Native,1002-5,2014,2014,26,201175,12.9,
55-64 years,55-64,Male,M,American Indian or Alaska Native,1002-5,2015,2015,29,209714,13.8,
55-64 years,55-64,Male,M,American Indian or Alaska Native,1002-5,2016,2016,32,216738,14.8,
55-64 years,55-64,Male,M,Asian or Pacific Islander,A-PI,2010,2010,11,761268,Unreliable,
55-64 years,55-64,Male,M,Asian or Pacific Islander,A-PI,2011,2011,10,809532,Unreliable,
55-64 years,55-64,Male,M,Asian or Pacific Islander,A-PI,2012,2012,7,846795,Unreliable,
55-64 years,55-64,Male,M,Asian or Pacific Islander,A-PI,2013,2013,10,883729,Unreliable,
55-64 years,55-64,Male,M,Asian or Pacific Islander,A-PI,2014,2014,18,924813,Unreliable,
55-64 years,55-64,Male,M,Asian or Pacific Islander,A-PI,2015,2015,18,965484,Unreliable,
55-64 years,55-64,Male,M,Asian or Pacific Islander,A-PI,2016,2016,12,985505,Unreliable,
55-64 years,55-64,Male,M,Black or African American,2054-5,2010,2010,183,1832463,10,
55-64 years,55-64,Male,M,Black or African American,2054-5,2011,2011,229,1946428,11.8,
55-64 years,55-64,Male,M,Black or African American,2054-5,2012,2012,251,2021385,12.4,
55-64 years,55-64,Male,M,Black or African American,2054-5,2013,2013,372,2092483,17.8,
55-64 years,55-64,Male,M,Black or African American,2054-5,2014,2014,399,2162149,18.5,
55-64 years,55-64,Male,M,Black or African American,2054-5,2015,2015,480,2230799,21.5,
55-64 years,55-64,Male,M,Black or African American,2054-5,2016,2016,782,2284809,34.2,
55-64 years,55-64,Male,M,White,2106-3,2010,2010,1457,14840259,9.8,
55-64 years,55-64,Male,M,White,2106-3,2011,2011,1582,15422756,10.3,
55-64 years,55-64,Male,M,White,2106-3,2012,2012,1735,15548803,11.2,
55-64 years,55-64,Male,M,White,2106-3,2013,2013,2009,15786995,12.7,
55-64 years,55-64,Male,M,White,2106-3,2014,2014,2302,16033745,14.4,
55-64 years,55-64,Male,M,White,2106-3,2015,2015,2654,16308750,16.3,
55-64 years,55-64,Male,M,White,2106-3,2016,2016,3222,16511986,19.5,
65-74 years,65-74,Female,F,American Indian or Alaska Native,1002-5,2011,2011,1,93453,Unreliable,
65-74 years,65-74,Female,F,American Indian or Alaska Native,1002-5,2012,2012,2,100409,Unreliable,
65-74 years,65-74,Female,F,American Indian or Alaska Native,1002-5,2013,2013,5,107248,Unreliable,
65-74 years,65-74,Female,F,American Indian or Alaska Native,1002-5,2014,2014,3,114498,Unreliable,
65-74 years,65-74,Female,F,American Indian or Alaska Native,1002-5,2015,2015,4,122035,Unreliable,
65-74 years,65-74,Female,F,American Indian or Alaska Native,1002-5,2016,2016,6,129801,Unreliable,
65-74 years,65-74,Female,F,Asian or Pacific Islander,A-PI,2011,2011,1,525453,Unreliable,
65-74 years,65-74,Female,F,Asian or Pacific Islander,A-PI,2012,2012,3,568687,Unreliable,
65-74 years,65-74,Female,F,Asian or Pacific Islander,A-PI,2013,2013,2,614960,Unreliable,
65-74 years,65-74,Female,F,Asian or Pacific Islander,A-PI,2014,2014,4,669694,Unreliable,
65-74 years,65-74,Female,F,Asian or Pacific Islander,A-PI,2015,2015,3,725572,Unreliable,
65-74 years,65-74,Female,F,Asian or Pacific Islander,A-PI,2016,2016,5,764332,Unreliable,
65-74 years,65-74,Female,F,Black or African American,2054-5,2010,2010,13,1192148,Unreliable,
65-74 years,65-74,Female,F,Black or African American,2054-5,2011,2011,17,1237777,Unreliable,
65-74 years,65-74,Female,F,Black or African American,2054-5,2012,2012,13,1304676,Unreliable,
65-74 years,65-74,Female,F,Black or African American,2054-5,2013,2013,17,1378030,Unreliable,
65-74 years,65-74,Female,F,Black or African American,2054-5,2014,2014,36,1460270,2.5,
65-74 years,65-74,Female,F,Black or African American,2054-5,2015,2015,30,1543609,1.9,
65-74 years,65-74,Female,F,Black or African American,2054-5,2016,2016,55,1626680,3.4,
65-74 years,65-74,Female,F,White,2106-3,2010,2010,225,9846491,2.3,
65-74 years,65-74,Female,F,White,2106-3,2011,2011,260,10148742,2.6,
65-74 years,65-74,Female,F,White,2106-3,2012,2012,279,10808758,2.6,
65-74 years,65-74,Female,F,White,2106-3,2013,2013,341,11318886,3,
65-74 years,65-74,Female,F,White,2106-3,2014,2014,412,11804783,3.5,
65-74 years,65-74,Female,F,White,2106-3,2015,2015,407,12266953,3.3,
65-74 years,65-74,Female,F,White,2106-3,2016,2016,476,12718408,3.7,
65-74 years,65-74,Male,M,American Indian or Alaska Native,1002-5,2010,2010,1,76459,Unreliable,
65-74 years,65-74,Male,M,American Indian or Alaska Native,1002-5,2012,2012,5,88818,Unreliable,
65-74 years,65-74,Male,M,American Indian or Alaska Native,1002-5,2013,2013,2,95237,Unreliable,
65-74 years,65-74,Male,M,American Indian or Alaska Native,1002-5,2014,2014,1,101793,Unreliable,
65-74 years,65-74,Male,M,American Indian or Alaska Native,1002-5,2015,2015,5,108443,Unreliable,
65-74 years,65-74,Male,M,American Indian or Alaska Native,1002-5,2016,2016,4,114778,Unreliable,
65-74 years,65-74,Male,M,Asian or Pacific Islander,A-PI,2010,2010,2,408568,Unreliable,
65-74 years,65-74,Male,M,Asian or Pacific Islander,A-PI,2012,2012,3,468808,Unreliable,
65-74 years,65-74,Male,M,Asian or Pacific Islander,A-PI,2013,2013,4,504244,Unreliable,
65-74 years,65-74,Male,M,Asian or Pacific Islander,A-PI,2014,2014,2,545296,Unreliable,
65-74 years,65-74,Male,M,Asian or Pacific Islander,A-PI,2015,2015,2,586368,Unreliable,
65-74 years,65-74,Male,M,Asian or Pacific Islander,A-PI,2016,2016,7,612074,Unreliable,
65-74 years,65-74,Male,M,Black or African American,2054-5,2010,2010,27,885780,3,
65-74 years,65-74,Male,M,Black or African American,2054-5,2011,2011,25,924403,2.7,
65-74 years,65-74,Male,M,Black or African American,2054-5,2012,2012,32,978519,3.3,
65-74 years,65-74,Male,M,Black or African American,2054-5,2013,2013,59,1038392,5.7,
65-74 years,65-74,Male,M,Black or African American,2054-5,2014,2014,78,1099266,7.1,
65-74 years,65-74,Male,M,Black or African American,2054-5,2015,2015,103,1164256,8.8,
65-74 years,65-74,Male,M,Black or African American,2054-5,2016,2016,201,1228135,16.4,
65-74 years,65-74,Male,M,White,2106-3,2010,2010,157,8725712,1.8,
65-74 years,65-74,Male,M,White,2106-3,2011,2011,211,9033095,2.3,
65-74 years,65-74,Male,M,White,2106-3,2012,2012,267,9666717,2.8,
65-74 years,65-74,Male,M,White,2106-3,2013,2013,314,10159769,3.1,
65-74 years,65-74,Male,M,White,2106-3,2014,2014,385,10602690,3.6,
65-74 years,65-74,Male,M,White,2106-3,2015,2015,507,11033281,4.6,
65-74 years,65-74,Male,M,White,2106-3,2016,2016,554,11436122,4.8,
75-84 years,75-84,Female,F,American Indian or Alaska Native,1002-5,2011,2011,1,43747,Unreliable,
75-84 years,75-84,Female,F,American Indian or Alaska Native,1002-5,2012,2012,1,45258,Unreliable,
75-84 years,75-84,Female,F,American Indian or Alaska Native,1002-5,2014,2014,1,50208,Unreliable,
75-84 years,75-84,Female,F,American Indian or Alaska Native,1002-5,2015,2015,1,52843,Unreliable,
75-84 years,75-84,Female,F,American Indian or Alaska Native,1002-5,2016,2016,3,55662,Unreliable,
75-84 years,75-84,Female,F,Asian or Pacific Islander,A-PI,2011,2011,1,282420,Unreliable,
75-84 years,75-84,Female,F,Asian or Pacific Islander,A-PI,2015,2015,2,350343,Unreliable,
75-84 years,75-84,Female,F,Asian or Pacific Islander,A-PI,2016,2016,2,365597,Unreliable,
75-84 years,75-84,Female,F,Black or African American,2054-5,2010,2010,3,675432,Unreliable,
75-84 years,75-84,Female,F,Black or African American,2054-5,2011,2011,3,696468,Unreliable,
75-84 years,75-84,Female,F,Black or African American,2054-5,2012,2012,4,706069,Unreliable,
75-84 years,75-84,Female,F,Black or African American,2054-5,2013,2013,2,722525,Unreliable,
75-84 years,75-84,Female,F,Black or African American,2054-5,2014,2014,4,740614,Unreliable,
75-84 years,75-84,Female,F,Black or African American,2054-5,2015,2015,4,762579,Unreliable,
75-84 years,75-84,Female,F,Black or African American,2054-5,2016,2016,6,785828,Unreliable,
75-84 years,75-84,Female,F,White,2106-3,2010,2010,58,6601101,0.9,
75-84 years,75-84,Female,F,White,2106-3,2011,2011,67,6579562,1,
75-84 years,75-84,Female,F,White,2106-3,2012,2012,84,6575641,1.3,
75-84 years,75-84,Female,F,White,2106-3,2013,2013,69,6603057,1,
75-84 years,75-84,Female,F,White,2106-3,2014,2014,85,6667042,1.3,
75-84 years,75-84,Female,F,White,2106-3,2015,2015,97,6733838,1.4,
75-84 years,75-84,Female,F,White,2106-3,2016,2016,86,6849573,1.3,
75-84 years,75-84,Male,M,American Indian or Alaska Native,1002-5,2012,2012,1,33101,Unreliable,
75-84 years,75-84,Male,M,American Indian or Alaska Native,1002-5,2014,2014,1,37312,Unreliable,
75-84 years,75-84,Male,M,Asian or Pacific Islander,A-PI,2012,2012,1,214358,Unreliable,
75-84 years,75-84,Male,M,Asian or Pacific Islander,A-PI,2014,2014,1,248143,Unreliable,
75-84 years,75-84,Male,M,Asian or Pacific Islander,A-PI,2015,2015,4,266500,Unreliable,
75-84 years,75-84,Male,M,Asian or Pacific Islander,A-PI,2016,2016,1,280882,Unreliable,
75-84 years,75-84,Male,M,Black or African American,2054-5,2010,2010,5,395774,Unreliable,
75-84 years,75-84,Male,M,Black or African American,2054-5,2011,2011,3,414645,Unreliable,
75-84 years,75-84,Male,M,Black or African American,2054-5,2012,2012,3,424153,Unreliable,
75-84 years,75-84,Male,M,Black or African American,2054-5,2013,2013,4,439331,Unreliable,
75-84 years,75-84,Male,M,Black or African American,2054-5,2014,2014,3,456225,Unreliable,
75-84 years,75-84,Male,M,Black or African American,2054-5,2015,2015,8,473171,Unreliable,
75-84 years,75-84,Male,M,Black or African American,2054-5,2016,2016,7,490623,Unreliable,
75-84 years,75-84,Male,M,White,2106-3,2010,2010,52,4866094,1.1,
75-84 years,75-84,Male,M,White,2106-3,2011,2011,48,4925953,1,
75-84 years,75-84,Male,M,White,2106-3,2012,2012,53,4976538,1.1,
75-84 years,75-84,Male,M,White,2106-3,2013,2013,60,5056192,1.2,
75-84 years,75-84,Male,M,White,2106-3,2014,2014,64,5151698,1.2,
75-84 years,75-84,Male,M,White,2106-3,2015,2015,78,5244077,1.5,
75-84 years,75-84,Male,M,White,2106-3,2016,2016,86,5362910,1.6,
85+ years,85+,Female,F,American Indian or Alaska Native,1002-5,2010,2010,1,14001,Unreliable,
85+ years,85+,Female,F,Asian or Pacific Islander,A-PI,2010,2010,2,92921,Unreliable,
85+ years,85+,Female,F,Asian or Pacific Islander,A-PI,2012,2012,1,115055,Unreliable,
85+ years,85+,Female,F,Asian or Pacific Islander,A-PI,2014,2014,2,137805,Unreliable,
85+ years,85+,Female,F,Asian or Pacific Islander,A-PI,2015,2015,1,150073,Unreliable,
85+ years,85+,Female,F,Black or African American,2054-5,2010,2010,2,282385,Unreliable,
85+ years,85+,Female,F,Black or African American,2054-5,2012,2012,1,307270,Unreliable,
85+ years,85+,Female,F,Black or African American,2054-5,2014,2014,1,327938,Unreliable,
85+ years,85+,Female,F,Black or African American,2054-5,2015,2015,2,338522,Unreliable,
85+ years,85+,Female,F,Black or African American,2054-5,2016,2016,1,346391,Unreliable,
85+ years,85+,Female,F,White,2106-3,2010,2010,47,3314447,1.4,
85+ years,85+,Female,F,White,2106-3,2011,2011,34,3429955,1,
85+ years,85+,Female,F,White,2106-3,2012,2012,39,3484596,1.1,
85+ years,85+,Female,F,White,2106-3,2013,2013,41,3536701,1.2,
85+ years,85+,Female,F,White,2106-3,2014,2014,53,3569034,1.5,
85+ years,85+,Female,F,White,2106-3,2015,2015,42,3604246,1.2,
85+ years,85+,Female,F,White,2106-3,2016,2016,33,3628186,0.9,
85+ years,85+,Male,M,American Indian or Alaska Native,1002-5,2015,2015,1,11308,Unreliable,
85+ years,85+,Male,M,Asian or Pacific Islander,A-PI,2015,2015,1,86681,Unreliable,
85+ years,85+,Male,M,Black or African American,2054-5,2012,2012,2,123493,Unreliable,
85+ years,85+,Male,M,Black or African American,2054-5,2013,2013,2,129339,Unreliable,
85+ years,85+,Male,M,Black or African American,2054-5,2014,2014,1,136175,Unreliable,
85+ years,85+,Male,M,Black or African American,2054-5,2016,2016,2,147306,Unreliable,
85+ years,85+,Male,M,White,2106-3,2010,2010,29,1617352,1.8,
85+ years,85+,Male,M,White,2106-3,2011,2011,20,1709767,1.2,
85+ years,85+,Male,M,White,2106-3,2012,2012,19,1765739,Unreliable,
85+ years,85+,Male,M,White,2106-3,2013,2013,34,1830158,1.9,
85+ years,85+,Male,M,White,2106-3,2014,2014,22,1882783,1.2,
85+ years,85+,Male,M,White,2106-3,2015,2015,27,1933950,1.4,
85+ years,85+,Male,M,White,2106-3,2016,2016,29,1972484,1.5,
Not Stated,NS,Female,F,White,2106-3,2011,2011,1,Not Applicable,Not Applicable,
Not Stated,NS,Female,F,White,2106-3,2015,2015,2,Not Applicable,Not Applicable,
Not Stated,NS,Female,F,White,2106-3,2016,2016,2,Not Applicable,Not Applicable,
Not Stated,NS,Male,M,Black or African American,2054-5,2011,2011,1,Not Applicable,Not Applicable,
Not Stated,NS,Male,M,White,2106-3,2010,2010,1,Not Applicable,Not Applicable,
Not Stated,NS,Male,M,White,2106-3,2011,2011,2,Not Applicable,Not Applicable,
Not Stated,NS,Male,M,White,2106-3,2012,2012,2,Not Applicable,Not Applicable,
Not Stated,NS,Male,M,White,2106-3,2013,2013,3,Not Applicable,Not Applicable,
Not Stated,NS,Male,M,White,2106-3,2014,2014,2,Not Applicable,Not Applicable,
Not Stated,NS,Male,M,White,2106-3,2016,2016,2,Not Applicable,Not Applicable,
